"Substance","NUTS 2","NUTS 2 desc","Sector","Y_1990","Y_1991","Y_1992","Y_1993","Y_1994","Y_1995","Y_1996","Y_1997","Y_1998","Y_1999","Y_2000","Y_2001","Y_2002","Y_2003","Y_2004","Y_2005","Y_2006","Y_2007","Y_2008","Y_2009","Y_2010","Y_2011","Y_2012","Y_2013","Y_2014","Y_2015","Y_2016","Y_2017","Y_2018","Y_2019","Y_2020","Y_2021","Y_2022"
"GWP_100_AR5_GHG","ITC1","Piemonte","Agriculture","4541.4478085971","4403.409251693","4372.2491636121","4324.6223695287","4277.7459615394","4182.6772280198","4287.0216798525","4132.2734784223","4106.3261626736","4093.7225539684","4036.342870156","3781.2835890661","3885.5084123107","3792.660938907","3772.4337383456","3650.2849437816","3662.7363780831","3695.9046230832","3820.4975686064","3666.0757115543","3737.0054414736","3589.2938026518","3672.9175692973","3584.7038860533","3531.2595918169","3314.8974637729","3854.5644506238","3795.2159669592","3823.9744032037","3808.9042665579","3881.9515011448","3909.3490080762","3885.5126937372"
"GWP_100_AR5_GHG","ITC1","Piemonte","Buildings","5765.7536197894","6143.4863080123","5835.6126045616","5856.6998096403","5234.5077161952","5733.5289912982","5875.8329707409","5600.8678877924","5855.7708012184","6137.1194392769","5851.7520356449","6135.8703311162","5897.8539141898","6290.5718923025","6385.9737015815","6784.5024019823","6400.9463869851","6025.4409070088","6329.0526475378","6415.3370460779","6660.2645727501","5949.4225467515","6027.4623645013","5991.318310244","5046.5238214046","5502.9890616454","5569.5336954094","5523.3218436905","5481.2793710363","5280.4959593818","5148.317469408","5539.2974454494","5166.5302720652"
"GWP_100_AR5_GHG","ITC1","Piemonte","Energy","5704.189026943","5561.2969105497","4147.9065812074","4380.9036143829","4285.410377705","4916.7391311149","4929.964720721","5017.3708516519","5505.9835878759","5905.0088510874","2203.2072086781","1951.0302468508","2383.7499428136","3561.7211238349","7457.2217051099","9312.1634687381","8779.4643874731","9561.9158177227","10124.442073895","9124.2169929475","9347.519034377","9529.2679426613","8271.9569681605","6803.4233234635","6212.0279029567","6784.1534460474","7500.8207537029","7878.4477639447","7598.7756293449","8022.3205343897","7420.287378248","7965.9097617551","8440.477363697"
"GWP_100_AR5_GHG","ITC1","Piemonte","Industry","7253.5266402895","7107.5375070619","7163.0384284091","6797.2553282357","7025.6589148738","7332.6278126878","7237.7190310395","7431.2350840419","7556.2186106352","7994.0702077444","8143.476646587","8178.2031739472","8429.7599044203","8815.8035892633","8350.3532062252","8319.5599972332","7936.9732939995","7890.1148587357","7612.43850528","6727.4383850908","6909.8912270374","7022.2016483901","6415.6870084184","6154.6829435495","5689.2757058343","5852.0902206824","5754.9282612278","5859.0370083642","5795.8372416391","5456.6478902452","5155.425262992","5476.3891134134","5254.8394655474"
"GWP_100_AR5_GHG","ITC1","Piemonte","Transport","8768.9405292899","8910.4399019658","9365.039643368","9525.1636121303","9482.4234901477","9670.4292635362","9690.7434147069","9827.134419671","10153.977401701","10206.198804193","10190.710378467","10376.543945843","10580.871266346","10624.334451515","10830.016848975","10722.093216707999","10835.819708073","10883.730206218","10227.762537476","9744.839357743","9508.9506137326","9524.5740264013","8950.594200207","8763.529501881","9183.3660634503","8953.7889665286","8827.9426123468","8462.1317959734","8744.3221873605","8812.1308023266","7130.8124391308","7933.7954235052","8304.1357948843"
"GWP_100_AR5_GHG","ITC1","Piemonte","Waste","2440.6151393217","2554.4698820899","2390.882588418","2351.3444179742","2437.3523856281","2503.3516532346","2581.5170943605","2665.3593103854","2610.3138570404","2642.0828692288","2761.1729195652","2704.7912461156","2631.027651051","2532.0756022619","2369.2914706821","2346.4979205646","2240.191521702","2169.378035851","2151.840731158","2123.4087663868","2128.4178505808","1881.8527262272","1833.3608226083","1801.5355935511","1729.3737311969","1495.4432270677","1431.4220582559","1584.9458733012","1481.6179837208","1418.4952319591","1304.3149746466","1248.7494566411","1189.7106567779"
"GWP_100_AR5_GHG","ITC2","Valle d’Aosta/Vallée d’Aoste","Agriculture","77.161815451738","74.058753917977","72.849646879771","70.360858291061","69.460834167773","67.746675861088","70.608601152844","67.856461670185","68.646903977574","68.748153098981","68.286162253256","61.800770586454","64.845763731482","63.275299034945","62.137837643156","60.364955839141","60.497557058905","60.60595187747","61.525915924256","60.891695405832","61.494650322379","59.506694885806","61.253012543224","60.486359154463","59.220051597348","59.716859224939","60.468843185606","60.371707474884","62.583974023551","62.214495392879","62.933987026976","63.615711657893","63.997060881145"
"GWP_100_AR5_GHG","ITC2","Valle d’Aosta/Vallée d’Aoste","Buildings","206.37822429824","217.95495839677","208.47058839308","214.31709407479","191.76335587326","211.05729570401","216.60927814284","207.71896406669","220.9431340934","231.30847123304","222.21141385297","231.30717211737","224.87361851531","247.77307447374","248.82239030235","267.64579368371","253.53215328719","247.51168235802","269.14705764573","267.69079116407","278.39498961442","239.68274294033","251.3384177065","250.87641345227","216.58120810638","229.45683173591","232.52843143448","232.3477008367","222.30143457504","218.12772219543","209.94546659105","227.6939957408","211.360239527"
"GWP_100_AR5_GHG","ITC2","Valle d’Aosta/Vallée d’Aoste","Industry","48.166882875231","46.361147228146","45.890995302969","46.234066645855","48.340783172587","49.834120193444","50.288752185385","51.512684273272","51.636645744218","53.33815810942","55.323424398978","55.274413884298","57.290421475975","58.184101840395","54.310714117477","54.592419346253","54.220536686404","53.696196882927","53.184428238908","49.258323798786","49.541208129151","49.571121150396","49.659604762722","49.437870769733","50.495472174775","51.355647105276","52.361267845168","53.608000540641","52.48050098234","49.018930794926","47.795361298186","48.908668210431","47.719379442989"
"GWP_100_AR5_GHG","ITC2","Valle d’Aosta/Vallée d’Aoste","Transport","631.63226643754","641.52535198474","674.17246561937","685.64433072831","682.15419005519","695.44312972341","696.83115316556","705.8836241715","729.15110911542","733.83644515167","732.42277662947","745.99948364404","760.49624886813","763.21654956376","778.48769972377","770.98942782343","778.898219752","782.51958298273","735.73587726871","700.80518477237","683.52290102867","685.16192250039","643.76733126351","630.56213096534","660.85241219131","644.76797212077","636.02375858803","609.21757611817","629.39794805688","634.31194559156","513.17409872957","571.01157184692","597.74996459844"
"GWP_100_AR5_GHG","ITC2","Valle d’Aosta/Vallée d’Aoste","Waste","57.367154878287","60.15422601015","56.237957423536","55.951908918124","57.954870214269","59.863080278486","62.074752559697","64.134020626634","63.664634477887","64.570354432015","67.909378977688","66.660944671207","64.753024397203","61.382401334714","57.083157915809","56.749164787979","53.903008184431","52.107165849226","49.705064394744","49.782020520854","51.973959740275","50.890004133032","51.727843064686","53.499363798252","43.509127885924","45.421430251775","38.242632255091","42.131459543446","38.879766064296","37.069224387075","33.813174945217","32.07641571698","30.356573452307"
"GWP_100_AR5_GHG","ITC3","Liguria","Agriculture","115.86143542584","116.78942942773","113.49170099232","113.15314224785","114.49167324972","109.31584962218","114.08393171191","110.48624294733","111.86680885075","111.56627669964","109.92490079308","100.57133985798","104.245989381","100.45527511994","96.641025313906","93.142339388873","92.674644698792","93.848754054915","90.137726181815","90.213568662886","98.212254173597","89.231821112262","90.504806272553","92.319553961089","88.659037543286","88.963196103061","90.942932263964","91.137961606442","91.062849526944","91.717162330131","93.426046686993","94.519257468369","90.896615229221"
"GWP_100_AR5_GHG","ITC3","Liguria","Buildings","1856.1106035259","1993.5188392653","1889.8374973998","1872.0845496655","1692.8788360142","1842.8704032313","1888.9647428114","1817.416493351","1859.7427720846","1958.5207019882","1858.943865782","1952.6418716582","1885.2087994726","2008.4707913555","2012.3774085273","2168.704421248","2044.8285553232","1958.9743648702","2056.3271929064","2055.4560841209","2124.5994099256","1880.5350215058","1926.51799272","1880.2500199035","1597.1942138273","1736.0054166814","1746.4279117405","1746.0652803517","1715.2380184966","1650.0508299661","1604.0819063048","1722.4020058831","1626.113578966"
"GWP_100_AR5_GHG","ITC3","Liguria","Energy","10424.909057216","8343.4661628912","4958.7491393323","3537.4984914995","4086.8110434997","4898.6778338663","4500.6208248752","4232.926054333","4624.5242869845","4810.5944014908","9123.0675717877","9649.3037134696","10190.538478555","10189.028551975","11468.878525658","10856.647188868","10615.962897958","12627.291123902","12110.503750626","10493.041549636","9304.6275820153","9943.1462420137","10322.69780475","9361.3280900538","8864.8862395819","8515.1726881454","7567.109775052","4463.1187805625","3556.65718406","3138.7811413056","2709.2656614231","3010.1187797196","2117.712158937"
"GWP_100_AR5_GHG","ITC3","Liguria","Industry","1734.0974916772","1663.4181348397","1500.0871132128","1402.5976368676","1367.9300029177","1412.6802622299","1365.9990016032","1432.16424253","1381.2052896607","1389.4671843114","1539.2689414721","1269.250865068","1336.385116977","1244.8290734914","1042.0944768161","1053.9702782247","1149.9495569394","1169.7213742261","1145.0174234282","915.34856313057","946.69463959812","920.31804000696","930.14414452867","823.29958848953","886.20484484515","843.18618603875","810.71545912735","921.70091117764","894.26285668678","854.77030032224","771.77849130331","800.84581762057","786.7292050843"
"GWP_100_AR5_GHG","ITC3","Liguria","Transport","3050.5310260489","3097.8551646766","3254.5042532918","3309.1556601306","3292.360599619","3356.3155295769","3363.3254165166","3409.9366450599","3523.8950909276","3545.7448820142","3541.8297700497","3608.1371218484","3680.0395850981","3695.4284083931","3770.1513969794","3734.5725041819","3775.3398115151","3793.9869784677","3566.4393639394","3397.4198015485","3315.0938629778","3323.0063026373","3120.5217215907","3052.6144788419","3198.0729527681","3114.4727658238","3071.8258387608","2943.194702768","3041.1055358765","3064.9590618566","2480.0530938188","2759.290667401","2887.8849807976"
"GWP_100_AR5_GHG","ITC3","Liguria","Waste","1055.3686851912","1107.6048394118","1035.2672526676","1010.9717140825","1046.7366193406","1082.2507311885","1123.6634148543","1160.8661290755","1135.5941911544","1152.2743109838","1212.6749997189","1191.0770122663","1156.9236039267","1094.28409841","1017.3298057647","1012.0142806449","960.03030454785","927.708908588","883.80006581481","896.38477829625","709.31596962709","308.38786886985","535.5563575637","344.22381836076","277.36200600698","442.11548926132","420.92217026668","179.54360256751","167.15721393631","160.0205697553","146.75738760281","140.91036148819","134.32431373073"
"GWP_100_AR5_GHG","ITC4","Lombardia","Agriculture","10729.007587016","10144.430502874","9992.3023196155","9625.4736781964","9504.2052670889","9271.6380159069","9574.5600131228","9292.3945390796","9334.135562247","9320.2111712774","9320.3721082251","8509.1739722443","8909.7854508285","8770.8961863535","8734.5817397443","8495.0112175917","8429.4459290814","8442.4486260496","8634.1161336288","8679.6330476566","8651.0133373181","8915.9421933571","8847.4913802888","8297.5461369085","8112.0735228843","6398.7194518485","10135.032275279","10612.852799451","11021.40325801","10997.542550751","11081.749819465","11205.129687238","11316.932230798"
"GWP_100_AR5_GHG","ITC4","Lombardia","Buildings","11278.20332775","12139.468174679","11476.748076231","11579.725687208","10242.078503357","11371.148445655","11682.112051993","11138.376490823","11867.797249927","12557.799903074","11918.421962583","12494.425751934","11885.419416465","12906.596788822","13104.641580146","13894.693136329","13069.336086505","12106.5145428","12999.02236831","13144.960898716","13742.572232219","12297.137806398","12420.575364653","12622.549966747","10634.030589143","11577.756524287","11719.247104509","11613.716456066","11905.948301293","11428.419313981","11133.500583443","12142.617561391","11143.611719285"
"GWP_100_AR5_GHG","ITC4","Lombardia","Energy","23254.205598872","22394.308496363","22684.301705772","22715.882663129","22144.342348774","23449.083983188","22523.483169418","20699.892838069","20256.19105312","18905.558824074","17732.502084891","15878.073304002","15921.789169263","22087.704325246","26379.125456156","29968.390339924","27881.262379719","26468.351563356","25236.626471914","20349.992094453","20312.918999082","19786.419474173","17763.521913755","14595.667326109","13311.511679861","14131.669017458","15538.306798007","16404.000268533","15315.712823127","16092.985197695","15065.637042813","15815.730929613","16555.858567881"
"GWP_100_AR5_GHG","ITC4","Lombardia","Industry","20237.154849707","19222.318636394","20140.887392938","19371.05508564","19849.0714824","20650.798419514","19951.142617115","20669.793567118","20479.100388107","20996.340770383","21987.98036923","22125.008221367","22217.040348346","23636.971741232","23612.820709995","23749.700532635","22622.75378237","22223.868332196","21568.982075558","17913.683413644","19274.311543746","19331.708540306","18672.256978572","16344.554154535","16157.036358578","16072.716613234","15908.681348834","15899.655815844","15903.876166458","15009.709580264","14074.380676507","15036.150341762","14643.047412474"
"GWP_100_AR5_GHG","ITC4","Lombardia","Transport","9330.8922591288","9527.1434788308","10059.841828422","10263.328543648","10257.592296648","10492.938048847","10551.365711851","10707.349553137","11075.114437826","11126.341247454","11098.340091839","11299.211689102","11513.043806607","11553.466670707","11741.476778802","11611.331213701","11701.617626797","11728.17168865","11037.787749201","10543.880589834","10293.078633091","10282.896768428","9683.6151433521","9541.0747355186","10043.905682589","9830.5915878155","9674.77828015","9279.7783993814","9581.2812662976","9652.3010913579","7802.3797344255","8679.845881693","9085.2778508751"
"GWP_100_AR5_GHG","ITC4","Lombardia","Waste","6662.7754463083","6853.1878101904","6554.3644810388","6476.1856947839","6648.8388682172","6741.7149125901","6867.4703373337","7020.9053542105","6905.7883217455","6952.6125706103","7133.7330926814","7025.8074153383","6906.3519526126","6718.4161082852","6462.46907542","6412.6976074521","6252.5496958134","6138.7983741714","5687.2293597378","5742.3135144553","5674.2969412339","5452.7514177616","5604.1127717535","5324.5449789081","5079.1287782847","4842.5530397635","4674.3485432417","4812.4744873499","4645.470548014","4543.6411384695","4366.0590521306","4287.2389608238","4194.1895513198"
"GWP_100_AR5_GHG","ITF1","Abruzzo","Agriculture","711.50133531177","703.64389806569","690.87272588264","675.17940581861","665.47645051236","653.44341550739","676.83316344245","651.62422759452","662.24919522055","664.43631658711","654.28548218249","585.95803549036","612.34692936285","592.35427419325","582.80327472763","564.16083222066","568.8545841195","574.3411485935","572.78529363446","561.56079269296","567.29104231368","546.11380490316","558.6621673861","561.60528182782","541.62425653703","514.54591044742","614.92373642448","600.96432439151","613.88610269028","605.50816021508","616.03535023145","620.29656796907","618.19991427651"
"GWP_100_AR5_GHG","ITF1","Abruzzo","Buildings","1680.2078568288","1797.8199669185","1699.5741389725","1742.7288383219","1564.9314897786","1714.5902732787","1740.5051599812","1679.4787396299","1749.052219554","1829.7356032004","1728.621166253","1815.0844060006","1748.0720959763","1862.5749003585","1883.2163485793","2006.4019725236","1890.9125501286","1779.4328721266","1813.2340035549","1838.069608252","1876.0009351472","1757.6240253465","1717.1965637492","1684.0146517392","1473.1175410037","1597.4512204362","1585.717932525","1591.4703564057","1564.8546429645","1509.1858924815","1474.2796765042","1591.0630622539","1502.3880658359"
"GWP_100_AR5_GHG","ITF1","Abruzzo","Energy","384.64696603177","442.77459049479","425.274170131","457.41090576909","1151.4604092291","1223.1374285625","1192.0867975183","1067.3025889855","1698.1438471353","1981.2299528323","2535.2580267518","2205.5874729714","1965.0398896327","1820.9653379239","1785.2216192357","1715.3717601832","1588.2418863464","1569.1269085155","3156.4768011188","2577.9673342691","2603.0376474703","2462.9643805437","2177.3624436051","1880.1165799389","1701.2719516747","1777.2252765768","2010.160609652","2144.2905962974","2002.9272553074","2153.1833443425","2013.5290006568","2169.9074764957","2327.4577535503"
"GWP_100_AR5_GHG","ITF1","Abruzzo","Industry","2209.6724209405","2189.6636577878","2206.5747019964","2107.3226843656","2178.7180668131","2271.3260566655","2246.7028616642","2307.8643269932","2373.8600833769","2442.0490756235","2522.6971335908","2506.8633701515","2560.6385052029","2726.0592950933","2539.664472722","2522.1652159244","2426.6429072756","2451.9321501297","2499.565312407","2003.6851148112","2000.6315229696","1888.6867018615","1993.7321227453","1851.2114409979","1745.7492067182","1848.9677610985","2502.3379239651","1716.4445816114","1701.9111738616","1624.7490152187","1560.6491652683","1662.1708938576","1589.4398459544"
"GWP_100_AR5_GHG","ITF1","Abruzzo","Transport","3340.3320416873","3388.1448030428","3556.0780357615","3613.4714330605","3591.1786511409","3658.0896182878","3663.7144863257","3712.4152277809","3835.8786535267","3863.8060584313","3860.526923033","3934.3056630068","4013.3650530067","4030.0069113253","4116.1102698739","4079.5978508545","4126.0930429151","4149.263406273","3900.8710602312","3713.9025665966","3623.1045422017","3635.5116898039","3411.3924336125","3332.8312750918","3488.9406870476","3394.2537365917","3349.903123268","3207.7544528828","3314.5060190149","3340.8950667259","2703.4935607806","3008.0084265216","3148.1909012497"
"GWP_100_AR5_GHG","ITF1","Abruzzo","Waste","481.65071026348","502.40994281964","470.327142041","480.29595924014","498.48100204647","512.45004297748","528.05662676913","545.7459988164","552.03639901633","558.78955205418","585.97624338169","573.74490762819","557.45632100793","536.92988702565","499.98266258907","495.7035609553","473.45292238392","458.39528901497","446.61134981706","436.32195562884","449.57263334346","430.06774593651","380.62390116335","369.07289733387","334.46766769917","286.10602902248","295.7891477666","299.75075989759","278.52853087013","266.47118127894","244.18280306282","234.02530676654","222.84426175847"
"GWP_100_AR5_GHG","ITF2","Molise","Agriculture","234.9611606549","246.26553784065","236.32973712158","239.19209826158","244.96043300889","230.44029313426","242.20013327383","233.45082643367","239.21522679429","236.10922446848","231.56351383699","208.84729621609","216.05136037863","204.57731656273","194.14210220324","188.60736625482","182.27426884181","185.52614799001","177.77297835588","181.75568719465","191.28301829676","184.02511510407","184.62879459072","185.91532648494","181.73076925641","186.5699021588","182.45176074608","183.64457258712","181.03008574496","182.88705282332","187.29036887211","189.86115660344","176.47984207627"
"GWP_100_AR5_GHG","ITF2","Molise","Buildings","441.99025734951","466.7648157153","444.86937747878","447.33145212117","405.36960851624","439.85314662841","446.97854043289","433.58419111444","438.63920606932","455.37115641683","432.88492182836","452.19377572902","436.98092815702","456.31753841655","459.33541953059","487.09919747046","462.47045096218","432.87972499221","434.59643174686","440.25858334744","445.58624531118","417.93983049744","411.00578434998","386.36176878466","340.51469980607","369.03768044409","366.38529862059","368.62714910889","348.15855236189","335.60909538795","328.4811247324","355.23241596386","339.47762223306"
"GWP_100_AR5_GHG","ITF2","Molise","Energy","168.12039246044","193.5266478076","1897.7687845479","1955.9162879796","1583.4043204347","1649.0726482748","1542.2268649254","1096.7163809218","1267.8006424266","1353.845017489","2027.9545263735","1761.8029964849","1568.9215263466","1364.6628921566","1229.0988816465","1169.4916457549","2885.1723377409","2843.8983063335","2474.1518410879","1988.8180714102","1989.5338498339","1867.2418611632","1674.1571409124","1348.8400382137","1213.8411367024","1232.6660401554","1414.9244618947","1524.0782572053","1394.8427571667","1517.0578324502","1428.4652885964","1543.0845599769","1660.1444991838"
"GWP_100_AR5_GHG","ITF2","Molise","Industry","1114.3398249024","1072.4314420383","1090.0014913387","987.37353903705","979.86742821076","1035.5663511779","993.28221876048","1016.6302052656","1040.7247258463","1122.8691702636","1159.2121879502","1147.1970546505","1172.9494247835","1273.9672500797","1321.8711830724","1340.5258811498","1264.8735921434","1282.1263345965","1188.385259374","843.30904555955","831.13830465692","838.52424150051","742.86068408898","657.22052149688","598.21565146074","630.83202922344","626.33273436055","561.66919718694","564.36017118708","549.5424270813","516.99172973083","557.70003570398","528.33301439105"
"GWP_100_AR5_GHG","ITF2","Molise","Transport","1062.4153604668","1075.1801831361","1126.2261121932","1142.8122986339","1133.5611669203","1153.0365481898","1154.5856586418","1170.5950177657","1210.6994714526","1222.7363938557","1224.6187930105","1249.9912935162","1276.8713713876","1283.5721256839","1314.7211823408","1305.4228762589","1322.8896142413","1332.9261203636","1253.6884219142","1192.915815251","1164.3405013975","1170.8802776171","1095.5743068275","1065.3675418807","1113.5383689874","1076.7046932013","1063.6697355683","1017.6140040211","1051.5303862237","1060.2438247648","858.12760370052","954.62663269521","998.61751433944"
"GWP_100_AR5_GHG","ITF2","Molise","Waste","64.15189447528","68.557911767026","64.209806627885","66.724912641747","68.791762062459","69.151294329797","70.562151114282","72.251179612907","75.311796661234","75.727834534335","75.991631361461","74.135076393642","72.942502158904","72.295655953994","70.85696688134","68.95688343887","66.521223143839","64.805863987739","64.653013115737","62.942638587507","62.344331111221","58.389054429604","58.373608081082","58.193395686453","53.532720114133","50.769074620611","50.093137129935","48.790781763865","46.296627525743","44.82882081361","42.372731568251","41.241058954663","39.880201379419"
"GWP_100_AR5_GHG","ITF3","Campania","Agriculture","947.53231567595","971.86997503808","945.18824667672","941.64828174058","943.45472571519","908.09071264147","939.06232136236","910.38880967308","927.36963739507","926.4189371539","908.59079282213","829.02870685768","854.87006905177","815.09463448641","787.3301874256","758.33588589438","754.59833726475","763.4571981908","739.75356343619","735.34318077996","755.2517573972","729.94255494436","741.90759742072","743.35924364419","727.24974702432","737.50704490511","744.93427356604","739.96644899232","742.81880021169","738.8579363136","756.49641959088","763.42285867529","733.98217164845"
"GWP_100_AR5_GHG","ITF3","Campania","Buildings","6119.65788105","6597.5256916746","6213.1509557183","6331.6496300613","5675.3832940356","6216.5079678294","6307.9822052878","6153.0508671179","6456.1377256457","6779.4922506549","6423.7575324426","6736.6955297725","6435.1080919407","6816.4228983731","6920.1574515574","7391.8533927144","6981.3519507695","6472.0447327288","6643.5432034559","6689.370838778","6802.3352344856","6336.0937868526","6297.2005209204","6132.2800270566","5284.9554319525","5793.6138563519","5756.6462856806","5796.4649307185","5726.1876630766","5588.8558609015","5423.5696063196","5813.7183718976","5484.3223452976"
"GWP_100_AR5_GHG","ITF3","Campania","Energy","489.42292579117","563.38423199222","541.11678237372","582.00740824719","603.83522992466","667.65456333049","702.52139575919","2163.3618704479","2555.214888762","2731.079845351","3450.0466469907","3000.8255608653","2673.368106137","2455.6122751668","2380.8986856275","2284.9349733937","2111.1686917412","3857.6599185479","3384.0623656754","3416.7105828233","3446.9879792429","3259.0882640331","2884.8806552164","2343.2927619938","2121.010405929","2218.9880473246","2507.9014122327","2673.8743803715","2500.2693642528","2686.2025931609","2511.0663416529","2705.743762166","2901.7330473143"
"GWP_100_AR5_GHG","ITF3","Campania","Industry","3476.6559453294","3331.116008494","3336.0755979442","3103.9783837275","3161.739857376","3303.0491824785","3241.6441336773","3316.6952142024","3302.5239075935","3508.4974414576","3628.1256237566","3598.1956877119","3698.2173853387","3917.4725376753","3856.5494782973","3890.9951713325","3744.1386756385","3746.9066329409","3634.8258125554","3056.7849227429","2811.5959022657","2908.5936236487","2635.4357820733","2673.8606403398","2578.0079318674","2790.8118813219","2730.1754499754","2652.3993089907","2642.5799845815","2487.2539619218","2363.9659649165","2494.2585854278","2386.2882866686"
"GWP_100_AR5_GHG","ITF3","Campania","Transport","5501.8125034962","5596.7243585647","5889.588489939","5995.0315758486","5973.2056053005","6096.0931441167","6118.9128248151","6207.9142673544","6420.7929896581","6462.6438690289","6457.2821580909","6580.4780127809","6712.1463018192","6740.9995004779","6872.2674542152","6806.9951116603","6876.362678447","6906.9931905891","6497.7645183909","6196.7526816495","6049.1981890073","6059.213794194","5691.0674357592","5576.1222457252","5852.0091375163","5698.9257321379","5617.0308258483","5382.7047420929","5559.7814808651","5602.9405003297","4531.7530663058","5041.3604312177","5275.4986584712"
"GWP_100_AR5_GHG","ITF3","Campania","Waste","777.83516460031","806.6320071928","756.24888871226","729.71019743368","758.92215627574","776.29403963221","794.60868800611","821.50389188549","783.97205280111","791.96415086371","828.00791468527","808.59506374686","785.83331210268","755.58702301021","704.52472779044","696.58629638299","669.00957970999","648.73925301108","603.37200090796","604.14698418301","608.44171117162","559.41775022768","547.48975318171","532.61057306417","495.47704661066","455.09672016089","424.54052801485","453.59865764984","428.11154392924","410.45435687398","377.19084087059","363.76870360159","347.67566833798"
"GWP_100_AR5_GHG","ITF4","Puglia","Agriculture","834.90798311414","830.23388165818","815.47404151822","796.35004226539","784.52478633727","774.08511355553","797.1157201696","768.02464823976","781.06411882305","783.96574978983","771.17103555837","681.99360381485","716.00708953396","691.15133575251","681.78486089109","657.95416635827","666.47710638688","673.06012378904","671.0676979217","652.587159814","655.60137246383","636.85331261087","649.70393255138","650.14055380823","638.98400362031","628.89739129957","673.87179585585","662.21402015111","675.05558295857","662.93678332962","675.09571182709","678.74266065515","677.47741385021"
"GWP_100_AR5_GHG","ITF4","Puglia","Buildings","4391.7951412016","4717.2444404286","4477.4587950655","4517.8630849375","4061.4919941209","4430.8273096367","4514.6566860393","4419.930886144","4523.6900001151","4714.8700818247","4490.9716974388","4700.2269064828","4484.6838108025","4723.3898037446","4799.0742344441","5082.7366964139","4821.4533028994","4442.7178976832","4509.7372631507","4583.5995557266","4628.8009192896","4376.5988575906","4277.4692511432","4125.8332280231","3593.112836041","3920.5237437643","3904.1223613904","3916.9375489834","3834.8733955212","3712.3975089261","3623.6604011589","3902.9730276183","3693.1640615018"
"GWP_100_AR5_GHG","ITF4","Puglia","Energy","7695.5463099771","8995.4679831596","8635.2408516806","7281.9259618882","8452.5516346219","10146.24772223","9320.5221381822","8787.9064324242","9612.3902666645","9997.5933756429","10605.611084399","12829.277061092","14768.514706811","16060.836653036","19834.521000497","20919.456113067","22427.343024647","22762.869236905","22177.37568109","16754.096357031","15953.37096086","17710.537003177","18340.163371394","16604.359422908","15713.593956723","16091.672388428","14294.439190662","14614.318563585","13166.15171048","10278.229914617","8302.4897045921","8264.0222777943","9698.1545265092"
"GWP_100_AR5_GHG","ITF4","Puglia","Industry","18384.661399955","17650.389677092","16084.130101503","15732.193984135","16108.148891993","16551.87212109","15438.539621761","15770.29062712","14896.435110185","14218.478529337","15369.064021113","15015.070153084","13934.306550904","15272.024596952","15444.476683014","15392.043059381","14721.68103497","13772.390512613","12871.64705869","9363.3184982755","11799.962495033","11937.064140574","11324.809556057","9794.5940241991","9436.0974057127","9138.589642427","8463.273970266","7967.993508711","7985.6167754693","7534.8049223108","7088.9253723784","7643.8060876335","7695.0439728681"
"GWP_100_AR5_GHG","ITF4","Puglia","Transport","4675.3463115407","4760.6980742638","5014.314670826","5107.1590275552","5092.8244683175","5200.8547852463","5223.0160682","5299.6913523232","5481.759984083","5514.7228623078","5508.0484859331","5611.8323511881","5722.725584094","5746.3954548004","5853.4940340306","5795.5510430714","5851.1456103113","5873.9490585816","5526.5202504759","5272.912656009","5147.5871817123","5152.4986903683","4842.5877942527","4751.4067957888","4990.5332442514","4865.7931028528","4793.873996576","4595.1066658288","4745.7928807924","4782.2013909527","3867.3442303458","4302.2058800056","4502.2366856811"
"GWP_100_AR5_GHG","ITF4","Puglia","Waste","1913.7624741654","1998.972298594","1871.5375787774","1850.3097330572","1919.5032574654","1969.8718612122","2028.162843947","2094.731890794","2055.913007134","2080.0882120508","2174.3595579058","2128.5018230273","2069.9404586369","1983.4448394875","1854.1702429586","1835.7584425831","1754.4888591174","1699.4509430814","1687.2282178315","1640.8559319416","1642.4931721447","1649.8473789343","1593.4094515871","1646.231780179","1369.5803445065","1298.7142638807","1213.3714500793","1344.4653266325","1250.9168948891","1196.7642823803","1098.12060777","1050.7077648513","1000.0986243481"
"GWP_100_AR5_GHG","ITF5","Basilicata","Agriculture","669.8756015621","694.20564720488","673.50596685566","671.71126618936","673.83054830535","651.94654387741","668.20204803589","650.6221354352","664.0705590143","662.94973632987","650.45980413913","576.46348556399","600.24582482132","571.26878285738","552.44652816871","533.58414495058","531.00425391141","538.00978426733","518.75309739649","511.18550560677","520.9068933435","504.45559703953","508.43485296421","510.75663993566","500.38148203932","512.58823425219","510.4136521703","505.82069255796","505.81411648843","500.98163943964","513.32278466771","517.1214776772","496.10151955077"
"GWP_100_AR5_GHG","ITF5","Basilicata","Buildings","775.15257760535","823.34340167588","783.65672876811","784.47013034796","710.00324639136","770.53167029959","785.66071007669","765.57449487717","773.52945824148","800.93280699381","766.66393271268","799.37267383033","768.49672318585","802.12427891726","808.0978968588","861.67354597669","820.76677070837","764.71800297847","766.27490290155","775.26288774834","783.7505417402","734.20596268256","725.67434415244","682.91050896521","599.7458220764","653.02749425325","648.88542441259","655.71310994316","619.18819937655","603.15553437793","589.09117854351","633.3210837006","604.4603700899"
"GWP_100_AR5_GHG","ITF5","Basilicata","Energy","415.09601544024","477.82508243517","458.93931079766","493.62002347882","512.13293189931","566.26025125605","595.83198247151","725.57856455145","819.78193014078","880.39464403089","14.731427312403","20.057351598869","20.042056712024","282.53531954226","598.78746371015","609.42883773875","617.97013418374","613.80923168573","638.9612437346","602.45603488949","655.40633570292","658.65093947533","523.01431098973","455.86437692146","432.47155953318","557.33237418189","568.61063844553","562.55558365398","611.30299033248","604.7049891624","536.22695788825","566.89209703512","593.06618284821"
"GWP_100_AR5_GHG","ITF5","Basilicata","Industry","2494.1393990843","2421.8119730804","2416.5764614716","2381.2419275958","2430.5615871272","2516.7384831803","2460.2620955377","2498.0709846778","2470.9039982968","2414.9581925106","2363.2487836265","2266.4652464885","2324.4844980491","2387.0723288475","2294.9843321615","2258.8685663054","2129.8589457351","2087.0753560933","1754.465134489","1826.0129935964","1814.9878750233","2080.8815534543","1855.9816348409","2153.8664042672","2123.4579924383","2091.309853786","1811.3745138101","1710.0441374892","1916.7758763164","1832.3593811123","1024.1858014026","1106.1348257141","1062.0923259073"
"GWP_100_AR5_GHG","ITF5","Basilicata","Transport","1824.0313666494","1846.1773633043","1934.1995390545","1962.9214491853","1947.1757853751","1980.7999087191","1984.0798247298","2011.6023060411","2080.9164999616","2102.5202933226","2106.0571802735","2150.1604388766","2196.536395893","2208.0845259582","2261.9580323793","2246.3047562249","2276.1849623359","2293.5914755785","2157.8149742462","2053.5198512886","2004.4228057188","2015.8903221869","1885.9287641781","1834.110711328","1917.5775627229","1853.6393043617","1831.1926454591","1751.6619050991","1809.8540226275","1824.8724786981","1476.829292903","1642.866146119","1718.50286831"
"GWP_100_AR5_GHG","ITF5","Basilicata","Waste","88.695050677352","91.935659221272","86.203573464432","89.952478287871","93.570129367961","95.671098063442","97.872037885293","101.18765917818","103.71380672812","104.751694353","109.48887209891","106.89589003137","103.8891735755","104.37804389803","97.336139189649","96.214963699657","92.453306628825","89.664903729884","88.064145120352","86.942292570521","86.216104898173","79.316184216733","78.512537868537","78.544067843488","73.101248116149","67.341012505818","62.752185770558","66.944920241816","63.840877651907","61.224628285421","56.28342271627","54.32398352947","51.945158659516"
"GWP_100_AR5_GHG","ITF6","Calabria","Agriculture","639.38105208788","647.39952271585","634.73367501857","627.94473310594","622.6423613426","614.96767775218","629.27838772479","613.03230881233","620.00349657523","623.88936186259","613.52797337705","533.91352154946","559.97903387486","538.58106999201","526.39413630426","508.88113059373","514.61755239269","521.19276698347","510.92000168244","502.04071474675","505.49979420097","494.01576078529","495.02860510872","498.7533481781","489.11795577791","497.16833113614","501.89081112343","496.08241721803","500.4299566647","493.8997263412","504.60089410925","507.33337964355","500.54624851704"
"GWP_100_AR5_GHG","ITF6","Calabria","Buildings","2427.9405538507","2572.701897538","2467.6975800366","2465.7682910097","2244.0994352247","2431.5051456612","2470.7698124301","2419.0805113823","2453.5854506431","2544.0205848411","2438.8019141968","2541.5222351869","2453.5048828728","2558.5604709277","2583.3708940085","2753.7072526438","2624.7719810961","2472.6685559284","2490.2034380733","2513.5329793773","2521.7940903423","2369.0748799683","2348.7328552072","2216.8798180294","1959.8816686237","2122.2025963315","2106.0736489337","2127.3952272692","2024.4268336554","1976.0894420915","1918.0222776839","2057.7405890664","1978.9032056594"
"GWP_100_AR5_GHG","ITF6","Calabria","Energy","9135.72624304","9150.7881063328","10092.986397664","9918.9629370555","9980.4923723752","11207.079011822","11309.534770527","10453.856752063","9916.8833769097","8637.9004691358","9309.4028408833","8352.6129224978","8654.4998484677","7544.7070968425","6317.3739156536","5017.5323822986","7033.696548155","5989.7757415713","8655.0534278061","6759.4389416314","7908.403149021","7166.8613973968","6616.373068773","5397.9260959393","4926.4530846661","5136.9453653255","5592.6724169682","5914.9937782471","5381.7385122544","5605.4774058882","5300.7941387315","5703.2240783389","5853.1958251526"
"GWP_100_AR5_GHG","ITF6","Calabria","Industry","1946.1791968742","1884.0780001508","1905.9641154227","1748.7290943601","1746.6447231506","1834.6185387877","1776.7638084556","1815.5310228996","1846.008315463","1980.9695762429","2043.2135789841","2026.3424011663","2069.4755021868","2234.0022106145","2286.2190679916","2312.6969826966","2202.4063552583","2222.9993775859","2255.5059613594","1679.4618259397","1739.0924770905","1583.0417441937","1400.3207238769","1252.0130581677","1293.1839430921","1391.8845104484","1318.2334874223","1402.8345823376","1407.9172481532","1366.1134757739","1291.0600284277","1380.3622224314","1314.3489115537"
"GWP_100_AR5_GHG","ITF6","Calabria","Transport","3730.8137515576","3787.3487993541","3978.5646967372","4044.9909069742","4022.8949554533","4100.2356757238","4112.4230955696","4170.5189214213","4313.8367550508","4349.8330304537","4350.4931458904","4437.155709556","4528.6214094165","4549.5071768408","4647.6442488807","4608.7095356797","4661.1423763887","4688.1289466865","4411.0608370954","4203.1298660337","4102.6666268301","4116.7292054268","3860.1765939788","3771.1564493677","3952.0598618223","3837.3860970061","3785.9668521256","3624.937929793","3744.4502968548","3774.3568406098","3053.2826963179","3396.6248182778","3553.8614949737"
"GWP_100_AR5_GHG","ITF6","Calabria","Waste","217.18233325515","226.2909848368","211.9005736858","212.60810002152","220.73871760688","226.72571954486","233.35874199436","241.19014408647","239.88044847107","242.73713882058","254.42589571453","249.01149225682","241.95152396701","239.5769807852","223.14542122711","221.12450044666","211.41378042936","204.74862020052","201.17519054832","199.8270005067","145.98541730008","160.42711496014","154.68460601347","208.61592130784","200.84442846625","184.31059939658","166.36680840894","158.52112818754","147.75435786758","141.34843077372","129.51380371204","124.10111566866","118.15764048831"
"GWP_100_AR5_GHG","ITG1","Sicilia","Agriculture","845.4397656058","821.38762891587","801.70173198153","781.71739929743","779.9415082957","777.09371077932","791.47311297753","785.78036399792","786.59180752235","787.3426051178","790.07083101748","615.61892424061","681.09955451721","666.05142210824","654.24745570391","645.13230168444","640.23365818936","647.63406410947","657.51626689471","651.03715160802","653.73042193102","635.81538074686","622.89248825022","623.77341755624","613.27569472578","614.12991492167","624.89642949532","621.01790628265","639.29617982765","633.70429463275","637.97057611294","643.06639817409","647.14350612249"
"GWP_100_AR5_GHG","ITG1","Sicilia","Buildings","5370.8729852068","5746.6574034197","5471.7464146783","5519.322803007","4959.7177208704","5371.3250143933","5463.8558713178","5360.0670777996","5591.0538670871","5814.2871049347","5550.803957099","5773.5318126983","5548.5754403678","5817.1675664322","5934.318360323","6300.8409808168","5913.9065927506","5487.7258405254","5606.4180443578","5681.0867282953","5718.9314994231","5442.4629395193","5356.904978874","5141.6728846774","4493.5989484049","4900.8208040595","4836.0746258701","4881.024740436","4719.9439248278","4620.4411690179","4466.8144003745","4764.4202087559","4540.5492783652"
"GWP_100_AR5_GHG","ITG1","Sicilia","Energy","13331.856386529","12846.265971296","12333.584088864","12226.999551641","11903.509175737","12579.311127968","12037.657518486","11192.277084772","10694.974546392","10637.461344669","12053.374251823","10741.124023107","10798.074588235","9450.6673086001","11582.967852781","10229.178162951","9784.3846475834","8690.1008748191","7690.4109631703","6066.221157314","7837.2019643536","7132.51075613","6532.4570639921","5359.6328922007","4911.2343009952","5293.8942139288","5712.2458970884","6002.6610259082","5538.2058835794","5724.5363106603","5386.8437845106","5786.048308786","5925.1572184653"
"GWP_100_AR5_GHG","ITG1","Sicilia","Industry","14621.113982014","13360.694054304","13617.045227143","13620.33909658","13571.461183003","14342.501794988","13741.766268712","14334.958961231","15001.455713385","14969.25057499","14743.56008367","15092.756073689","15594.23639822","15875.184007309","15759.338042372","16286.728599538","13642.041631916","14004.291446588","13343.297474283","10955.022288372","12328.265593864","11835.082589437","10634.247406826","8548.8001274607","7799.7496540173","8839.6267653651","7972.9349987212","8676.6980647096","8725.323318178","8500.9321828133","7793.6634148793","8417.1234992215","8247.5105824335"
"GWP_100_AR5_GHG","ITG1","Sicilia","Transport","7677.862397373","7811.4197313543","8221.724113832","8370.2513968267","8339.9455561093","8511.8397415126","8538.9075187035","8654.7011879417","8943.9599278743","8996.5328627253","8977.4580359864","9142.729979145","9318.8612685701","9351.9116195854","9527.7352003359","9431.5657261726","9520.5616842136","9557.4949896912","8989.1646051941","8570.4162590958","8361.4659382702","8372.4103834571","7872.3297956772","7725.8430234184","8108.927518388","7919.8170481555","7806.5011983752","7480.7246652709","7726.8889047493","7786.2223419334","6297.4410334712","7006.6931576809","7334.5244460217"
"GWP_100_AR5_GHG","ITG1","Sicilia","Waste","1326.2063180942","1381.3862718512","1293.6457272722","1242.2030469638","1289.7548730084","1324.6203852031","1363.2143836764","1408.9714236223","1343.9091770089","1359.971913577","1425.5508452216","1395.2917286331","1355.7253462518","1294.7379073633","1205.849841737","1195.1084299612","1142.2779804755","1106.1712558442","1027.1461021427","1091.1603011694","1036.1663746156","968.13175193542","846.10372445293","914.13854294878","952.1547045403","808.72843224609","727.99004854416","799.49079478953","747.43431308375","714.86682234622","654.81545493523","627.02866217872","596.76027753272"
"GWP_100_AR5_GHG","ITG2","Sardegna","Agriculture","2131.7983502496","2118.895849791","2055.80825555","2032.043818008","2034.8770486601","2058.3968800551","2074.0002718782","2086.6866311381","2088.1078558957","2094.6745073303","2099.0993182496","1487.2437865645","1702.5054546803","1661.7597591917","1630.6392406148","1629.5683349963","1618.9058948981","1656.6307473406","1653.0711353653","1632.7638440523","1613.4230743821","1584.9659450201","1483.6915571775","1503.8523164524","1489.5199973911","1490.842161096","1531.071431069","1511.6376601614","1520.548603374","1492.5795949338","1507.7874202287","1509.4302503229","1509.0203123479"
"GWP_100_AR5_GHG","ITG2","Sardegna","Buildings","1896.4819071448","2016.6597287773","1914.7625081489","1931.5572026113","1745.4284106042","1884.7273958392","1922.6770578149","1859.5616382234","1937.0326730884","2016.8226895911","1920.3454182759","1999.5546769111","1931.2954268642","2022.2591788085","2063.4044320051","2187.6066219334","2042.803539242","1912.8082487442","1973.8027639378","1985.0463646872","2020.8718094239","1876.2636612447","1863.4866161572","1809.1949270194","1570.082643724","1701.3297488465","1685.0105282096","1686.2947625168","1653.2680796257","1605.6762734025","1552.1573307888","1673.2389219983","1592.9883971492"
"GWP_100_AR5_GHG","ITG2","Sardegna","Energy","5243.0247289535","5018.2072258087","5774.544901897","5830.3906749101","6141.3246227166","6780.0709330581","6431.0170782596","6208.0864416385","6255.5855925273","5813.958205937","5632.7392947504","5818.1918311747","6436.6154925364","6447.7154663634","6970.896863973","7862.0267920242","7925.458605884","7630.2103468476","7455.5197053834","6501.2360551047","5723.049536321","6110.4037709712","6402.0546014306","5911.3599429912","5663.1480919743","5993.9370172738","5105.6766727125","5102.8880994221","4690.5704940947","3413.5762209497","2669.3355901076","3026.6723230568","3498.0305856733"
"GWP_100_AR5_GHG","ITG2","Sardegna","Industry","6427.6350970601","5989.5197310666","6134.7600847874","6171.1562766199","6188.1297196858","6340.9657262883","6268.7579561884","6495.1227839756","6877.2188866838","7034.7864846934","6925.639768123","7152.4744825887","7389.3021607401","7400.81854843","7445.0261712046","7771.6991144898","7200.6377826726","7419.1782737273","7277.5281975666","6466.0357008324","6762.1805803108","6678.3943723827","6153.574325662","5594.0926853967","5154.7081847603","5755.8631926553","4940.9098581742","5517.452245272","5572.6013848032","5467.2591278897","4890.4248140792","5297.3288436125","5232.1666055059"
"GWP_100_AR5_GHG","ITG2","Sardegna","Transport","4607.0757319885","4695.9491361948","4952.4508532609","5048.446530299","5037.419847121","5147.3736845272","5173.6329962393","5245.0308939271","5424.8684228946","5462.1923829302","5451.0107459866","5554.3885123936","5661.0495163991","5680.2469616291","5783.6267309025","5725.6564844189","5773.4831819964","5793.0165708362","5455.0192586371","5207.1761934899","5081.5621424676","5085.5844853291","4782.7241092995","4704.0032296413","4947.9019170707","4834.5253915956","4762.647524207","4563.1037135422","4710.7399196764","4746.5669103765","3836.5921527783","4268.2553160596","4467.5076611029"
"GWP_100_AR5_GHG","ITG2","Sardegna","Waste","819.41177442553","855.26059388848","803.17979438487","789.31271491085","816.82605302995","836.69831351756","860.47634497721","887.47569104475","868.10630677472","877.84089653317","915.14827151805","896.48019775606","872.96658454607","838.86690086749","787.37564221127","779.4862328416","753.04948406256","730.69374300675","694.53049336238","682.43381534639","703.94098593612","655.49871525615","685.81420196085","612.36983344075","567.75696854673","523.62688711773","500.73178507456","550.37396509763","516.83627525882","497.04687282073","460.14817878984","444.18514145755","426.84070218647"
"GWP_100_AR5_GHG","ITH1","Provincia Autonoma di Bolzano/Bozen","Agriculture","248.11463323086","236.83475290623","232.77610495589","223.91373084185","220.86691301158","216.35534985506","222.43908102789","217.175111138","218.71112213477","219.51565284376","219.25921715024","194.07298490346","205.52703374625","200.69862930561","197.7057369864","192.06598820322","192.0361391903","191.93987837845","195.97207790977","193.01407462734","194.49818865164","187.37630338849","192.97257779916","190.80854959043","186.32353717123","186.21958412512","190.91312236371","190.09342468543","198.44120356477","197.19787345643","198.91336619405","201.12196916905","203.23655372656"
"GWP_100_AR5_GHG","ITH1","Provincia Autonoma di Bolzano/Bozen","Buildings","774.19388094037","818.13429007275","776.79115552792","798.46925820321","713.54556855031","791.0994216557","813.48140559701","775.49078008074","831.29116544069","877.49811034206","836.77271304445","874.85300121641","841.8590609647","930.64936585755","932.31321267053","1004.4613346401","957.17222847266","922.35315754321","999.35986645962","1007.1917066129","1031.8652883035","902.87582194231","944.33131134856","944.35749892644","814.16091790505","878.31762621118","883.85995095505","890.91398775768","877.9279465778","852.42960832516","832.70221643617","903.43666159016","839.54511375944"
"GWP_100_AR5_GHG","ITH1","Provincia Autonoma di Bolzano/Bozen","Energy","254.26257497499","292.68658654493","281.11831137888","302.36160685818","313.70148869318","346.85659277565","364.97043691201","444.4453025497","502.14855532761","539.27621769165","9.0235764791333","12.285913800686","12.276545083165","173.06395435285","366.78078498108","373.29904355534","378.53092231819","375.98220649339","351.9139593383","337.93764408021","370.74115809377","374.93110289514","294.30999965864","258.49014505267","246.39780789295","323.44561576777","327.18778321419","321.49014973395","354.00445525779","347.737592692","306.87652221776","323.8390627894","337.97475649085"
"GWP_100_AR5_GHG","ITH1","Provincia Autonoma di Bolzano/Bozen","Industry","191.47069075727","182.61716587053","179.99800694878","179.8732845552","188.93231005531","195.02845861403","196.61730663819","201.39192550186","200.5109907049","207.70240523087","215.90904546172","215.11864852737","223.35423812066","231.56836186366","213.4350820827","214.23447738115","212.06270028467","209.19149448687","210.28961782055","191.82618709706","192.53546323127","192.64946022762","192.87788140257","194.90327394005","199.05977567999","202.71702749187","207.35597586552","212.75594034521","211.78506445685","194.76617750005","188.62979238075","193.79661979395","188.22736892706"
"GWP_100_AR5_GHG","ITH1","Provincia Autonoma di Bolzano/Bozen","Transport","1513.5249127374","1542.421765684","1625.5973136392","1656.4869144139","1652.9326955875","1688.7480596664","1694.3504655729","1717.4438063591","1773.9277071118","1780.3838914457","1774.1597506941","1804.7387646974","1838.0392368297","1843.6354388558","1874.3037253241","1852.8920637545","1868.2093119375","1872.8159634617","1760.5318999731","1679.3481965993","1638.1606746423","1637.3734551228","1542.6457771981","1518.3926512667","1595.2092478889","1563.815859757","1540.1643620417","1477.2061265127","1525.9113491951","1537.2756180563","1243.303564466","1383.4322806318","1448.5476926338"
"GWP_100_AR5_GHG","ITH1","Provincia Autonoma di Bolzano/Bozen","Waste","81.139044751912","84.103583129876","78.859818577129","78.417214306172","81.570947537674","83.402493656023","85.321190872266","88.21162580448","86.223809393707","87.086670642017","91.024984391292","88.869275343421","86.369602881576","83.262063426296","77.64475642786","76.750397985476","73.749735030674","71.525434111061","67.465919060845","66.606468109249","66.050135919132","60.764108449223","60.148435187343","58.394595284596","54.348061104341","50.065540012112","46.653917882092","49.771060134932","47.582739690685","45.632761602191","41.949915955283","40.489480444456","38.716462768009"
"GWP_100_AR5_GHG","ITH2","Provincia Autonoma di Trento","Agriculture","192.56523586435","185.27840501434","182.08093870561","176.99377534512","174.38595596888","171.27086452315","178.85557011369","173.11439343891","175.12320212516","176.99552617679","175.14757044379","158.00900209692","165.95453329924","161.85527275003","160.390428584","155.36194805104","156.50415065934","157.88685323712","157.76547477313","158.10700100273","162.94573193303","155.14542514853","154.57688131219","155.5371528399","152.63952561493","144.77441535856","165.44220318687","164.60144938939","169.51581867973","168.08903760805","170.24876319578","171.81600158729","172.9506367578"
"GWP_100_AR5_GHG","ITH2","Provincia Autonoma di Trento","Buildings","676.20082315232","720.21215592035","683.09257011402","699.48608804292","631.66379971595","697.74621495755","716.6516862377","684.14408211447","733.11395488237","786.90542183501","747.12111609393","770.96832302732","751.16720379765","836.20276021222","831.80333384923","891.03871288732","852.20236897956","805.56270041375","891.267821853","890.59508704407","916.75177668705","797.19883306436","844.55231823823","838.68370275447","725.92831618825","780.53634049962","787.68255447677","792.2041200761","791.67764461659","761.8737515025","742.74600342132","815.57812746239","754.88137358004"
"GWP_100_AR5_GHG","ITH2","Provincia Autonoma di Trento","Energy","134.808611911","155.18081047111","149.04737491736","160.31045276616","166.32279543814","183.9014483703","193.50530841394","235.64244290762","266.23638859745","285.92126997367","4.7842503748117","6.5139235913567","6.5089563491088","91.757552051969","194.46514495414","197.92108962299","200.69500282582","199.34368778258","297.34698500251","266.41023529056","282.76601816091","278.80742044589","229.15531714818","195.2583470932","182.57105993283","221.83415463162","232.70243951396","235.26169473597","245.05191908839","247.97340743981","223.26630958462","237.36954183018","250.18696858308"
"GWP_100_AR5_GHG","ITH2","Provincia Autonoma di Trento","Industry","1379.4274003391","1414.6876421393","1385.2531236762","1338.9213352004","1410.6000845758","1462.5024374928","1443.7225493317","1494.0409694985","1500.3049490327","1458.7752048465","1523.1769877458","1539.8273332381","1537.8156579744","1633.8013442089","1426.7401990593","1371.6440967296","1332.8524471989","1332.4384298189","1267.3088369201","1119.0343179619","1170.7541290419","1017.2458224688","1058.3170305969","949.21394479506","944.12500458433","894.24660835803","907.02171951428","912.16341770419","901.77701187669","868.56122837734","840.02306606511","903.53168380548","862.10147023829"
"GWP_100_AR5_GHG","ITH2","Provincia Autonoma di Trento","Transport","1425.8971598715","1450.2212524197","1525.7560535006","1552.889940744","1546.9423588368","1578.5065867673","1582.9808799449","1604.7809388342","1658.3169116334","1667.4522965017","1664.1888228107","1694.6421423619","1727.4925686294","1733.9399911746","1766.681317686","1748.8177103918","1765.9414223073","1773.0028671851","1667.0395648703","1589.0796865089","1550.4463789398","1552.5039171717","1459.6137629672","1431.4839337864","1501.7208510933","1466.0329701757","1445.1087197973","1385.0231699001","1430.813858408","1441.8216235652","1166.3375495049","1297.6892047323","1358.3653878933"
"GWP_100_AR5_GHG","ITH2","Provincia Autonoma di Trento","Waste","328.31208486077","347.15859730336","324.5376450175","321.03753653529","331.68943472443","340.40670228575","352.28026422991","362.8768116054","359.6525623666","364.10971863043","377.74030733291","370.57036453461","361.39083545097","345.47825786287","326.79933696998","322.99540456495","307.52594977753","297.82967560833","296.00793616743","235.92702074644","228.13384014647","201.84033652533","501.4440945007","208.17024279781","194.00301617097","242.45390265569","161.35178912868","223.51112549173","208.35057700159","199.56157476471","184.24088545949","175.88007175375","167.51078816589"
"GWP_100_AR5_GHG","ITH3","Veneto","Agriculture","8084.0890017206","7653.0042487553","7528.0165897718","7219.4493081431","7111.3609959495","6938.1917894659","7207.2614332942","6984.2198548052","7044.9584081366","7044.619940972","7042.3072088935","6408.7368829862","6711.9383862962","6581.3637909872","6535.0954243762","6350.8385540397","6297.6603954129","6298.8627754489","6475.1071879958","6351.4893354033","6516.2056947189","6006.4535767187","6322.5547331777","6369.281259429","6270.4966126552","9431.4485686183","3118.6744432232","2938.5487171559","3044.4248955553","3012.9679754999","3054.5712315991","3081.7047705055","3100.8345848823"
"GWP_100_AR5_GHG","ITH3","Veneto","Buildings","5822.8558690979","6221.5365708479","5866.2641033769","5980.4072829779","5355.6652475361","5891.749742961","5999.9204850137","5758.3713907138","6138.9140788774","6471.9180215286","6132.9320952199","6448.7380840926","6116.8710319463","6627.6858876824","6743.5644982853","7153.0567794559","6687.134307685","6152.3866972305","6532.2517144485","6584.5435939134","6815.8020231936","6246.611658667","6237.6867467356","6234.6247119528","5271.3461351873","5824.6687778014","5886.1714511953","5850.0809088434","5951.3658010161","5703.962594288","5597.934141883","6112.7307441582","5685.1237290335"
"GWP_100_AR5_GHG","ITH3","Veneto","Energy","27145.708028948","26143.924801689","27880.965881807","26960.120681767","27559.555894576","30247.606004181","28924.030365017","27310.529370852","26634.049434678","24084.603624554","23319.037100094","25795.558038678","26603.27994334","24570.659900455","23228.355810938","19973.408760679","19979.929639936","17820.699782113","16562.552362482","13750.524919061","13011.378755032","12605.051555573","12194.386227412","10801.65811829","10253.891376752","11389.499818034","10135.181486427","10176.201238328","9698.895058521","8478.1587072805","7445.6762993387","8058.8969808271","7525.7590729168"
"GWP_100_AR5_GHG","ITH3","Veneto","Industry","17075.682152632","16074.073222515","15032.572128965","15092.179032224","15556.97417333","16420.726243897","15545.312727901","16151.255874996","16331.589831026","16784.480705368","17286.483034599","17371.688270684","17577.046211905","18410.111477234","17375.363853733","17293.26842392","13548.124288679","13290.876366397","13048.485157358","10667.186686932","10729.566023812","10451.614840082","10131.021219112","9607.7882319477","9320.7198503004","9654.1297972537","9572.5388879536","9581.5974931737","9531.7437717582","8877.7747250297","8452.8773054152","8934.5286860475","8618.5254092822"
"GWP_100_AR5_GHG","ITH3","Veneto","Transport","8653.6421200074","8840.1746137205","9340.1210079734","9532.7770864758","9530.8170612795","9752.5845248457","9812.8536594282","9957.2698177723","10301.839283652","10355.226277706","10329.251954751","10518.821268728","10717.553781358","10754.038740403","10928.506440997","10808.512688777","10888.58348716","10912.280525746","10274.782281002","9818.3941479243","9585.1199449455","9575.4645144452","9017.2650127014","8890.5978552692","9365.5925994821","9167.757980007","9021.6083331287","8651.7194634365","8931.0002738033","8997.1094585716","7271.0800208321","8088.60566869","8466.2365620134"
"GWP_100_AR5_GHG","ITH3","Veneto","Waste","3362.447418236","3478.8162106622","3283.3728691238","3284.556933761","3401.3833220257","3468.5767126189","3544.3163863721","3653.0429200454","3611.6146274456","3645.6733017823","3789.3674603871","3712.2474523361","3623.0977671742","3471.5231994933","3271.1865140259","3239.2010544262","3134.1156968661","3052.5591282962","2963.7223230927","2866.8465300102","2960.1231858855","2690.2045658196","2463.7892838497","2558.542560587","2400.8078596051","2244.3341361703","2119.005347363","2230.4969909531","2111.8249261901","2040.8428781628","1908.5885605058","1855.1801363736","1791.4624482998"
"GWP_100_AR5_GHG","ITH4","Friuli-Venezia Giulia","Agriculture","784.84603450669","757.63663090718","748.37894408091","723.8374099397","708.81022322262","696.53448632001","724.59591006612","700.44112448727","706.51752276835","710.09377475409","702.51191310759","654.72084481514","673.0198330006","655.04281974006","646.27088496802","624.2247300681","630.92811229775","632.53346465263","631.45180023385","620.32354612236","628.34041364613","596.1619651679","628.00954430055","631.87275458612","625.91573642073","533.89602358229","683.49554754903","661.98070621904","683.856829055","675.01500028876","685.78988758899","690.93088278063","693.76295526761"
"GWP_100_AR5_GHG","ITH4","Friuli-Venezia Giulia","Buildings","1636.0765335893","1749.6932546787","1646.1560348709","1657.0733077362","1481.0990044629","1629.9917043915","1672.2818324115","1606.0476022296","1669.4190053828","1755.0145428664","1661.5984458944","1742.6811795901","1646.8489197067","1764.6652535457","1791.8288065263","1907.7175089491","1797.3180524067","1658.005414327","1737.0906954929","1734.5239127923","1787.0017991733","1642.5937967238","1639.5169092128","1615.6387878568","1365.2700841681","1520.0980254817","1529.8779908044","1526.5672741318","1523.5966044248","1466.9528083928","1446.1084968381","1575.8084125563","1470.6488960672"
"GWP_100_AR5_GHG","ITH4","Friuli-Venezia Giulia","Energy","2081.28371352","1763.5858076927","1173.8565141289","942.5720592955","1062.2499341641","1244.807084973","1196.8221652598","1250.7816542811","1389.9037132338","1464.8606839331","895.24095735249","1092.7996809005","1261.3160959248","1560.6123281728","2109.8851159089","2031.3547631036","3951.9587363387","3953.8310457475","3661.8563889083","3315.198718158","3127.4074515483","3172.4394419162","3065.0818958745","2672.7816959104","2494.6063957439","2602.0191229513","2525.8247606971","2617.2628720239","2418.7902670768","2188.729241915","1904.5796900241","2097.2643302701","2351.8898850329"
"GWP_100_AR5_GHG","ITH4","Friuli-Venezia Giulia","Industry","5343.9835718176","5333.7064918401","5325.1744288518","5156.4683043445","5388.5149017304","5567.6798804498","5414.2085814486","5621.7295686702","5557.3584524338","5465.3337986977","5783.1424289836","5837.010040708","5752.4789407853","6178.6911276422","5697.3774029258","5555.1364712029","5355.3560700896","5248.4746870526","4863.4775730233","3898.7978895625","4495.7332403194","4306.6943868089","3987.4752382484","3577.5038752059","3465.1458666571","3449.8483351811","3297.3609476433","3259.5147728884","3258.9172239418","3106.1973667753","2976.0392114885","3190.5462055773","3115.0040546496"
"GWP_100_AR5_GHG","ITH4","Friuli-Venezia Giulia","Transport","2991.5178962103","3050.8909450036","3218.2456717701","3281.2671667923","3275.9179309917","3348.4582777864","3362.6184246884","3408.1770257963","3521.6228971983","3537.4024307891","3525.1701878815","3587.3082637602","3653.3858281112","3663.9816541163","3724.713921179","3682.7906090207","3711.2722801768","3719.9554637041","3499.4116667996","3339.7762722781","3258.0419163096","3256.4141628083","3067.8729808751","3022.6233023341","3178.8184756684","3116.608517631","3069.0360054823","2942.7888459963","3038.8884707322","3061.4798830387","2475.1801637381","2754.0437507685","2883.5567852652"
"GWP_100_AR5_GHG","ITH4","Friuli-Venezia Giulia","Waste","673.25611648004","702.6204530037","658.37004429891","649.02412373769","673.62245007712","687.94995023005","705.09049486898","727.72593119281","710.13302533722","717.19727868978","745.18388270928","728.13709506662","709.07746431918","676.8566662354","636.60611879372","628.09602645063","602.75954293879","584.73521105391","546.9710109976","537.56611094841","532.71914264783","500.50552188008","491.86453493369","478.87452771316","442.71968661187","403.78911250901","378.61561854357","397.76683789258","371.04830265067","356.34435774686","329.36368691972","317.79667895933","304.28339015863"
"GWP_100_AR5_GHG","ITH5","Emilia-Romagna","Agriculture","5720.1348517324","5475.8573475216","5396.398427205","5201.8842798458","5118.1378061766","5004.0537795949","5174.0983564781","5001.440473952","5048.8438183692","5052.7159209358","5022.4038592999","4617.7094946897","4807.0147845636","4699.9540953299","4665.4380862216","4524.1448594919","4517.0193922552","4526.6176882859","4490.8489745","4494.0463887656","4543.2179810249","4321.3700453657","4345.6110186441","4552.9298027442","4489.6240155174","3629.4441448924","5399.3368553784","5212.6912502234","5402.6581591653","5363.7928383619","5422.0839506749","5475.3701838624","5519.3514600105"
"GWP_100_AR5_GHG","ITH5","Emilia-Romagna","Buildings","4933.7464980145","5282.3700275711","4976.1296393317","5083.9808081535","4554.9324064854","4984.1410518014","5078.434283677","4878.9518101961","5193.9610693949","5426.1081427455","5152.0443638065","5445.0042862911","5165.1454786142","5626.7787283226","5714.1425969504","6087.2851895675","5678.3951333236","5238.210013629","5552.0560852473","5633.6825066828","5836.8276030629","5399.510006064","5334.1338274166","5405.1370348883","4556.0103607243","5046.7284858218","5078.2348734743","5034.6827629333","5179.030976475","4948.3230708656","4841.0050841993","5258.0239294858","4923.427835074"
"GWP_100_AR5_GHG","ITH5","Emilia-Romagna","Energy","1515.8161391421","1744.8853872374","1675.9197590853","1802.5641547037","1870.1681892461","2067.8262278626","2894.459449866","3093.1202560072","3855.9460299748","4133.9555521508","1917.080624312","1689.2799241123","8163.0539098967","12429.201754124","11361.232374546","10805.699317844","12639.948910013","13357.163494852","11768.693451288","9767.695123033","9871.144182606","9346.8821727956","8252.3847638448","6714.1497439126","6084.2949037639","6402.5632314518","7214.4364301431","7676.3888258745","7208.2420981062","7725.8155911046","7211.7970062532","7767.0418852583","8324.3616850165"
"GWP_100_AR5_GHG","ITH5","Emilia-Romagna","Industry","21791.70822831","20516.823098998","19316.424330461","18937.673642451","18109.627059496","19251.638118743","18295.833145428","18680.21858276","17691.460401717","17995.750160694","17822.493506598","15654.159828313","15970.297769999","17569.511910361","14370.506254432","14072.641858446","13366.22723998","14621.416347482","11722.683403494","10714.507288088","10527.399988251","10352.030672002","10723.256697406","9645.7664014582","9430.5626695555","8793.7313634926","9349.5007428611","9373.4191929098","9256.4410059348","8605.1672023026","8198.6341061285","8642.8070005628","8242.734839919"
"GWP_100_AR5_GHG","ITH5","Emilia-Romagna","Transport","8505.7912908353","8678.3153525527","9158.6401686553","9340.4089315684","9328.928262682","9538.6620508338","9591.9989426381","9732.7269735467","10069.601689364","10128.20709829","10108.843309285","10297.820523874","10496.3072071","10535.031537614","10717.300831564","10605.439809296","10692.789190755","10724.020349008","10096.164717559","9642.4605687051","9413.460577583","9412.3364601643","8855.5894151311","8714.5831226666","9170.7994918719","8961.3825737697","8822.8578788199","8458.5615292955","8732.749635774","8798.4197376296","7111.8949332019","7911.4641078184","8280.0468829852"
"GWP_100_AR5_GHG","ITH5","Emilia-Romagna","Waste","3037.0691345003","3181.9521937562","2980.9270768541","2944.5966231415","3050.3336270934","3120.7787956361","3209.2102783804","3309.680732071","3252.2603080439","3287.5120715412","3415.3328639209","3342.5754448379","3256.7196790889","3116.6702322422","2936.2166275876","2899.9146059223","2780.5884188283","2696.4134067183","2296.8861374084","2221.7046639544","2315.8717446458","2142.60594316","2049.6605829107","1923.5808436614","1827.2376978305","1708.4663388941","1553.0806652958","1632.6211832168","1541.627466017","1482.477715394","1374.8893660575","1327.5943355417","1273.6888696674"
"GWP_100_AR5_GHG","ITI1","Toscana","Agriculture","1143.5762163687","1170.6076447604","1137.4198393653","1133.0262477296","1135.3619885855","1101.0428107285","1133.6816789977","1105.3746174639","1124.4625323079","1124.9977826801","1105.7580521084","973.45115340951","1018.8881982355","975.50284939721","943.77746557805","914.22346238665","912.9472457313","926.26115755645","898.43794240532","891.25222286177","908.68473350521","877.40253179593","879.05582491415","886.2132207708","872.20170285023","870.71903704429","906.25546920421","891.99155395993","893.29049215398","884.64554655342","904.68998835453","910.84455169984","879.79379101816"
"GWP_100_AR5_GHG","ITI1","Toscana","Buildings","4291.7801547952","4593.7315797414","4332.6775974052","4407.5037966098","3950.8397291218","4326.9743196288","4417.2629304651","4237.5987283353","4441.4797398165","4631.8996046525","4394.1565514833","4636.9060919392","4425.3770886517","4784.3190291828","4846.2036446045","5194.5639441591","4851.2082173035","4546.4719272848","4806.501978886","4809.9489752595","4986.1731805566","4536.8265964414","4560.6334239535","4518.6669679882","3831.5999862883","4205.2782151635","4211.2052369789","4201.4698038273","4172.7805881536","4021.4343065695","3917.1851510117","4231.0052156791","3963.4391718495"
"GWP_100_AR5_GHG","ITI1","Toscana","Energy","14113.526095003","14641.499433498","15128.075503679","14773.452423954","14881.801551971","15862.83586137","15262.449779499","14800.25957974","14558.245305944","12952.084926656","11884.135991818","10919.663605071","11553.130929373","10770.372822019","10478.486550306","7550.5516277823","8643.5512061821","8036.924524588","7218.1231952515","5775.1250326608","5837.9467809252","5272.1710557055","4775.5399694581","4040.8189633378","3794.6939310506","4433.9463988183","4473.4135574052","4524.0256145352","4575.7630129425","4471.686545638","4198.247643517","4468.6946424289","4384.0283787365"
"GWP_100_AR5_GHG","ITI1","Toscana","Industry","4979.859548466","4753.8606160877","4768.0112479745","4529.7986309848","4600.3192953018","4798.2393943609","4740.3637793131","4847.1134536483","4856.5198885548","5144.4190234612","5296.6528787362","5295.7269928044","5457.8623244403","5729.2243739203","5557.1643589253","5635.7852158009","5385.1613864995","5416.4274204358","5227.3040856547","4122.2511909982","4404.3130605388","4428.913744599","3793.7575208082","3583.4761918712","3479.9947778947","3797.7226902376","3477.3899903481","3845.8860352353","3807.0690963788","3570.0113568568","3367.346251543","3548.4427733983","3417.0788614565"
"GWP_100_AR5_GHG","ITI1","Toscana","Transport","6874.5838444795","6990.6515904984","7353.686270527","7483.6049628817","7454.0255153568","7605.4526935861","7629.0056951135","7736.8176864998","7998.1056878654","8046.4047855742","8035.743172912","8186.0087097209","8347.6617387869","8381.5388483784","8543.7463510084","8460.5375909852","8546.4823280814","8583.6626672662","8072.1915343543","7695.383275081","7510.0976962068","7522.3927931922","7067.9337880168","6925.8909582643","7265.2586435159","7082.1569323221","6981.4246178391","6690.4535763149","6911.4331000337","6964.9810829108","5634.147472583","6268.2258854404","6560.2933364475"
"GWP_100_AR5_GHG","ITI1","Toscana","Waste","2675.4091066245","2801.3768196162","2620.4993288578","2575.85966194","2669.5161793398","2750.3096820638","2844.1548779385","2937.9757190263","2880.4582191837","2918.7580709112","3062.0769637184","3002.7694294164","2918.2641042366","2779.387484005","2590.5478808397","2571.2317780226","2447.8813141509","2368.1535383844","2335.8470120765","2241.2297050275","2199.3891572607","2133.13785473","1962.0300950509","1973.8441480135","1798.7089420937","1563.7596320123","1408.8875332574","1589.1421794963","1470.7537843583","1405.046950491","1285.9684366691","1226.0892398476","1164.2538479176"
"GWP_100_AR5_GHG","ITI2","Umbria","Agriculture","697.4933904203","692.71509311172","680.24001218535","665.0845645704","655.69839753813","640.51594190121","661.71716389354","637.64515564578","648.51992975421","650.55209015311","640.20849387323","587.47353109367","608.03209263421","587.32478199344","576.66227939249","556.52168835408","561.03498627639","565.07834941467","559.33068378686","547.06590290407","553.88987757596","530.37837335613","547.01920263679","549.64144158803","542.99035989348","491.8418212241","595.66561040253","594.76074945238","608.17323992015","600.28966945291","611.34727671537","615.74932378306","611.26041340841"
"GWP_100_AR5_GHG","ITI2","Umbria","Buildings","1079.6140318321","1148.5391002506","1087.7678009589","1132.044526004","1016.6024527947","1107.7254405938","1126.8103676761","1083.4630447326","1143.6716134585","1190.1221386509","1131.1853127768","1186.1438259906","1134.8644572815","1233.4128732204","1245.345527571","1334.4319818458","1248.0092872687","1163.2555794061","1224.2861698205","1233.4815350118","1265.9617050821","1173.1027732336","1158.3356636281","1165.541265226","1003.234629109","1094.51524219","1092.3479207425","1091.275116617","1106.9683058139","1063.2053899866","1041.279519057","1124.2107275736","1061.5499174811"
"GWP_100_AR5_GHG","ITI2","Umbria","Energy","1552.9057669834","1377.3894372297","985.55200764518","852.41515263003","1216.5126215216","1370.1889934675","1329.5294491991","1327.4343539291","1437.8151966499","1524.9626675561","1440.3206465394","1458.0022506445","1233.843925853","2731.521790198","2788.7667289336","2665.7752901657","2512.0668987832","2504.9548034651","2302.2229099659","1984.3776950248","1933.1160157108","1946.9537865256","1802.6701257351","1564.3185651326","1461.2897179384","1587.2104231536","1572.4314847937","1616.904241526","1549.5163344331","1451.0112564247","1276.1123269473","1127.3649238143","1199.3501110912"
"GWP_100_AR5_GHG","ITI2","Umbria","Industry","3683.5132585239","3556.9207720529","3470.9837386106","3198.5026802451","3167.169386268","3305.2552820568","3152.684483089","3240.5007874998","3253.7637623933","3431.4475439827","3599.5571497762","3605.5141368159","3601.3343426823","3879.4783175312","3969.4857158134","3988.9127790355","3772.4391955336","3754.2248147404","4742.4495771712","3925.597810488","3965.3759169925","3964.4306805739","3660.3585320389","2776.3249410483","2510.5631911426","2417.2992981702","2348.8040968086","2253.2327672354","2285.5880600366","2198.767314847","2071.7938870296","2233.8691280368","2140.927283773"
"GWP_100_AR5_GHG","ITI2","Umbria","Transport","1697.1837851877","1726.3865765367","1816.5396547183","1848.9650045792","1842.188043762","1880.0078112549","1886.311408432","1913.3587712246","1978.2665262626","1990.0116975706","1987.504137287","2024.6913435905","2064.7307595585","2073.2401790948","2112.9560212689","2092.2601232867","2113.3334591517","2122.2968527784","1995.9543592122","1903.1589702452","1857.5344586133","1860.2037077067","1747.9343675823","1713.1998139699","1797.6057880747","1752.2526158211","1727.0557793105","1655.2498721631","1709.8676392985","1723.0818169746","1393.7852288284","1550.6037486539","1622.7998418678"
"GWP_100_AR5_GHG","ITI2","Umbria","Waste","349.32417753494","365.71175772551","342.44373325987","345.29821151408","358.00430865189","366.35828654322","376.60763076585","388.59042421382","388.2896614257","392.49387709741","408.21915335963","399.35658982769","388.89942761956","377.09639368852","354.56913954665","350.2204099734","335.27831967508","325.03835507671","314.02379165711","310.88323360092","291.94480747909","288.0189659741","266.35268581531","280.35694249648","271.25920496805","242.50594782839","219.40389615399","298.63962970277","278.37073481161","266.54876775562","245.21190479614","234.79773027677","223.72575735857"
"GWP_100_AR5_GHG","ITI3","Marche","Agriculture","674.92730702153","666.14763860882","655.89070788377","638.6721171539","627.68395086506","618.96400403615","640.90438725364","614.50782949256","625.15134536323","627.04958068486","616.54419520839","552.39081285994","577.55877559766","559.71674499962","551.98052569768","534.73837210498","541.3064808987","546.51893252163","544.37108362164","527.81597782784","535.77943699639","520.36767500031","525.01866222395","525.57386505331","530.79564746014","490.67741555301","577.37599395494","568.04265401756","579.82960353435","569.64585874468","579.7272301183","582.8087109718","583.45112225004"
"GWP_100_AR5_GHG","ITI3","Marche","Buildings","1717.3070362299","1830.1561061808","1736.456269293","1800.9324949635","1623.7963597992","1766.7199503797","1801.8612449404","1746.1954723448","1833.9045500472","1917.2534085106","1810.6764156379","1897.852299403","1824.2840439861","1980.3158887763","2003.6121353589","2126.5934651729","1997.2267369815","1843.0444183828","1944.5020661524","1970.3268919114","2015.7044164737","1882.092546859","1851.5290652576","1815.344018222","1565.5241915053","1708.2833865619","1708.1392962228","1702.1173292416","1684.535502373","1612.1795057828","1574.9789625911","1709.0184219994","1618.7364176322"
"GWP_100_AR5_GHG","ITI3","Marche","Energy","210.8011112894","242.65725189498","233.06635846151","250.67850722122","260.08004692065","287.56790189179","302.58552087895","368.47563466249","416.31558834736","447.09696656114","7.4811637135086","723.89261989866","645.38910094482","652.29709658893","705.60177324108","684.99305926862","645.26013691294","638.16735335449","573.70591171399","502.23273617047","526.7908397165","514.53347018912","430.11098146601","362.47264089111","336.47199945746","396.30970126524","422.02656332407","431.50674826329","439.50305907417","450.20158559638","408.57968732769","435.64952722271","460.91783053401"
"GWP_100_AR5_GHG","ITI3","Marche","Industry","2713.9329407104","2519.0437264607","2585.0708253781","2625.7099854369","2684.1218394509","2806.3044446555","2777.6376496155","2886.9290537307","3026.0243477189","3042.2046811947","3037.0512112962","3109.4999738614","3233.9475273223","3267.1224498031","3130.7861869758","3238.2893303037","3031.2752384487","3098.8687079218","2996.5404742621","2768.66771579","2814.4651133363","2809.6372338433","2595.1049182726","1445.1529629351","1557.4976839115","1679.0260282625","1673.2852670741","1929.6735941473","1898.9918846152","1784.7568391002","1673.6748127895","1771.1350033871","1721.2655228474"
"GWP_100_AR5_GHG","ITI3","Marche","Transport","2668.4794232928","2715.8502175953","2859.3742063379","2911.4985160681","2902.0779354811","2962.7354918462","2975.3061167178","3019.1235844204","3123.4520509538","3144.2958592911","3141.9724217471","3202.3258908026","3266.4923071973","3280.6284870872","3343.9095533827","3312.1694082364","3345.2145109473","3359.7004177277","3161.4442971304","3015.9728515516","2944.5141263213","2948.8558112772","2769.7676735032","2715.0643821896","2850.8688068847","2776.1933120914","2735.7929898756","2621.7182774909","2707.6575925259","2728.6214269237","2206.658755507","2454.7123217467","2568.5985992947"
"GWP_100_AR5_GHG","ITI3","Marche","Waste","769.95892838206","802.65942869561","751.51889184044","754.82588735659","783.54817875725","805.15405489321","829.19398393493","856.99612787028","852.23419166204","862.53856812659","904.3149681432","885.27740861316","860.15915183059","829.35147306883","772.35400666712","765.59648154531","731.51606026076","708.3287316539","710.88429529115","641.82551998267","674.39905630765","621.27167985455","569.02191119704","588.56071765484","564.11996805375","489.57878732311","470.43192139475","484.98493063518","451.40518129793","431.84881807964","395.70916678635","379.2089118054","361.06896614132"
"GWP_100_AR5_GHG","ITI4","Lazio","Agriculture","1224.1175467889","1211.9919108726","1187.5355617485","1168.2409486911","1150.0721998294","1146.3635778144","1180.5540373892","1155.4088106052","1169.4476790191","1186.3344428249","1168.115914782","995.597231788","1061.5926025377","1025.8534017941","1020.1696871046","988.99556567239","1000.783158243","1018.3031720092","1028.6471176266","1011.2073788547","1012.9294762891","990.64364659498","987.24045454351","1000.987778944","979.64218819789","988.24675963752","1005.8404964701","997.87023484986","1014.2858515726","994.68942846105","1012.5711061977","1016.976478789","1017.8923181388"
"GWP_100_AR5_GHG","ITI4","Lazio","Buildings","13892.57094938","15054.897492349","14081.7689486","13768.755937579","12160.97944962","13414.556622193","13626.721524875","13166.263771612","13827.341843277","14623.200022903","13794.591756157","14446.361181147","13767.740824843","14545.38479641","14890.762517276","15885.278211824","14854.544445756","13747.83182923","14769.835715866","14849.144104284","15331.39261444","14328.597305558","14077.476136092","14141.652193765","12017.911122329","13122.866927483","13078.005237988","13071.913660792","13574.167026821","13135.096033294","12783.192602489","13710.948292984","12735.406411343"
"GWP_100_AR5_GHG","ITI4","Lazio","Energy","981.11001166656","1129.3747826159","1084.7368700791","1166.7072893497","1210.4639122051","1338.3978189406","1408.29278415","7865.7923010862","9554.3972860343","12807.343101487","21782.946282938","18909.656976987","16835.090247218","14115.052167539","15124.159506028","15280.381167642","13676.256118347","13482.883143658","11834.187007015","12346.740844544","16715.67290825","16997.880768001","17782.666650034","15444.547412924","14373.189622507","14724.733105891","14352.105593855","14966.638305363","13610.191615586","12338.809439883","10774.573524576","11902.933879314","13408.183339409"
"GWP_100_AR5_GHG","ITI4","Lazio","Industry","5565.4739081926","5363.1031653841","5384.7879495649","5085.4768248619","5207.9371303149","5432.9705955713","5363.8450746417","5504.5130330428","5551.1603783348","5792.9961834478","6093.7857431038","6354.8600545546","6471.8837382673","6518.9457901928","6240.0673577852","6265.7301341459","6006.7920156203","6033.8611491058","5652.7957012158","4831.6353706929","4885.0737586289","4905.2966230105","4358.6215655018","4041.6915412346","3940.4584436886","4191.0994650322","3974.9750615481","4025.2925915623","3983.9577639803","3754.3008596143","3578.0016997185","3779.561682573","3617.102712493"
"GWP_100_AR5_GHG","ITI4","Lazio","Transport","6994.6895637691","7136.1493741676","7529.9992153964","7678.8008508432","7669.269798239","7841.332606097","7882.0086914325","7996.9738044006","8271.1452144767","8313.6786633559","8294.8988400818","8446.8351378771","8608.1072622939","8638.9868571733","8785.594659868","8691.2309407004","8762.4653482647","8786.2956778356","8268.9150530095","7896.0150093961","7707.6342594995","7704.7145362498","7251.8954675829","7137.8404262408","7509.6075113387","7343.8363495136","7230.01816384","6932.9412353185","7158.5602388239","7212.1494423387","5830.40513396","6486.1781519308","6788.9631745657"
"GWP_100_AR5_GHG","ITI4","Lazio","Waste","1581.9550491254","1651.9591288357","1546.7657951514","1523.9162880343","1581.0476417736","1622.0613162396","1669.4766470888","1724.2705895325","1687.6856793465","1707.3396564009","1784.2867132092","1746.4209956675","1698.4386378087","1627.7196570658","1521.9069216404","1506.5302398259","1440.2536940684","1395.1983039763","1330.6067012156","1477.847856637","1345.9885099419","1271.7570592548","1205.1410768908","1217.341529475","1128.6031553579","1029.0813448405","974.83554420276","1049.6106725162","979.51364897144","937.51316132149","860.82037879016","824.5908861793","785.44061324231"